zone_id,display_name,state,rtmc,timezone,road,direction,location_description,lane_type,organization,detector_type,latitude,longitude,bearing,default_speed,interval,length
4093,091-135-0NB-LNK,FTE,,America/New_York,Floridas Turnpike,North,091-135_0-SB-VDS,Unknown,FDOT,Radar,27.1665610,-80.3081050,,70,60,
4096,091-136-0NB-LNK,FTE,,America/New_York,Floridas Turnpike,North,091-136_0-SB-VDS,Unknown,FDOT,Radar,27.1791220,-80.3166890,,70,60,
4098,091-136-4NB-LNK,FTE,,America/New_York,Floridas Turnpike,North,091-136_4-SB-VDS,Unknown,FDOT,Radar,27.1841040,-80.3200790,,70,60,
4108,091-143-8NB-LNK,FTE,,America/New_York,Floridas Turnpike,North,091-143_8-SB-VDS,Unknown,FDOT,Radar,27.2835860,-80.3644320,,70,60,
4113,091-140-2NB-LNK,FTE,,America/New_York,Floridas Turnpike,North,091-140_2-SB-VDS,Unknown,FDOT,Radar,27.2349750,-80.3439070,,70,60,
4115,091-140-7NB-LNK,FTE,,America/New_York,Floridas Turnpike,North,091-140_7-SB-VDS,Unknown,FDOT,Radar,27.2410400,-80.3454530,,70,60,
4117,091-139-2NB-LNK,FTE,,America/New_York,Floridas Turnpike,North,091-139_2-SB-VDS,Unknown,FDOT,Radar,27.2210470,-80.3394120,,70,60,
4120,091-139-7NB-LNK,FTE,,America/New_York,Floridas Turnpike,North,091-139_7-SB-VDS,Unknown,FDOT,Radar,27.2272030,-80.3418960,,70,60,
4122,091-142-0NB-LNK,FTE,,America/New_York,Floridas Turnpike,North,091-142_0-SB-VDS,Unknown,FDOT,Radar,27.2600650,-80.3511790,,70,60,
4133,091-141-1NB-LNK,FTE,,America/New_York,Floridas Turnpike,North,091-141_1-SB-VDS,Unknown,FDOT,Radar,27.2473180,-80.3471710,,70,60,
4135,091-143-5NB-LNK,FTE,,America/New_York,Floridas Turnpike,North,091-143_5-SB-VDS,Unknown,FDOT,Radar,27.2788660,-80.3617260,,70,60,
4146,091-144-2NB-LNK,FTE,,America/New_York,Floridas Turnpike,North,091-144_2-SB-VDS,Unknown,FDOT,Radar,27.2886940,-80.3672390,,70,60,
4149,091-144-6NB-LNK,FTE,,America/New_York,Floridas Turnpike,North,091-144_6-NB-VDS,Unknown,FDOT,Radar,27.2936230,-80.3693620,,70,60,
4344,091-119-8NB-LNK,FTE,,America/New_York,Floridas Turnpike,North,091-119_8-SB-VDS,Unknown,FDOT,Radar,26.9819670,-80.1858370,,70,60,
4346,091-119-3NB-LNK,FTE,,America/New_York,Floridas Turnpike,North,091-119_3-SB-VDS,Unknown,FDOT,Radar,26.9752070,-80.1810190,,70,60,
4348,091-118-8NB-LNK,FTE,,America/New_York,Floridas Turnpike,North,091-118_8-SB-VDS,Unknown,FDOT,Radar,26.9683020,-80.1757760,,70,60,
4350,091-118-2NB-LNK,FTE,,America/New_York,Floridas Turnpike,North,091-118_2-SB-VDS,Unknown,FDOT,Radar,26.9624120,-80.1717440,,70,60,
4352,091-121-3NB-LNK,FTE,,America/New_York,Floridas Turnpike,North,091-121_3-SB-VDS,Unknown,FDOT,Radar,26.9979030,-80.2000230,,70,60,
4354,091-120-9NB-LNK,FTE,,America/New_York,Floridas Turnpike,North,091-120_9-SB-VDS,Unknown,FDOT,Radar,26.9938560,-80.1956370,,70,60,
4356,091-120-3NB-LNK,FTE,,America/New_York,Floridas Turnpike,North,091-120_3-SB-VDS,Unknown,FDOT,Radar,26.9870040,-80.1893370,,70,60,
4364,091-124-4NB-LNK,FTE,,America/New_York,Floridas Turnpike,North,091-124_4-SB-VDS,Unknown,FDOT,Radar,27.0291390,-80.2349560,,70,60,
4366,091-123-9NB-LNK,FTE,,America/New_York,Floridas Turnpike,North,091-123_9-SB-VDS,Unknown,FDOT,Radar,27.0243020,-80.2303380,,70,60,
4368,091-125-3NB-LNK,FTE,,America/New_York,Floridas Turnpike,North,091-125_3-SB-VDS,Unknown,FDOT,Radar,27.0424040,-80.2395700,,70,60,
4370,091-124-9NB-LNK,FTE,,America/New_York,Floridas Turnpike,North,091-124_9-SB-VDS,Unknown,FDOT,Radar,27.0364600,-80.2386470,,70,60,
4372,091-126-4NB-LNK,FTE,,America/New_York,Floridas Turnpike,North,091-126_4-SB-VDS,Unknown,FDOT,Radar,27.0581490,-80.2409900,,70,60,
4374,091-125-8NB-LNK,FTE,,America/New_York,Floridas Turnpike,North,091-125_8-SB-VDS,Unknown,FDOT,Radar,27.0493790,-80.2395700,,70,60,
4376,091-122-3NB-LNK,FTE,,America/New_York,Floridas Turnpike,North,091-122_3-SB-VDS,Unknown,FDOT,Radar,27.0077680,-80.2113530,,70,60,
4378,091-121-9NB-LNK,FTE,,America/New_York,Floridas Turnpike,North,091-121_9-SB-VDS,Unknown,FDOT,Radar,27.0039270,-80.2072440,,70,60,
4380,091-123-4NB-LNK,FTE,,America/New_York,Floridas Turnpike,North,091-123_4-SB-VDS,Unknown,FDOT,Radar,27.0192570,-80.2245280,,70,60,
4382,091-122-9NB-LNK,FTE,,America/New_York,Floridas Turnpike,North,091-122_9-SB-VDS,Unknown,FDOT,Radar,27.0142100,-80.2186700,,70,60,
4384,091-130-7NB-LNK,FTE,,America/New_York,Floridas Turnpike,North,091-130_7-SB-VDS,Unknown,FDOT,Radar,27.1129800,-80.2718420,,70,60,
4386,091-130-4NB-LNK,FTE,,America/New_York,Floridas Turnpike,North,091-130_4-SB-VDS,Unknown,FDOT,Radar,27.1087020,-80.2687950,,70,60,
4388,091-129-9NB-LNK,FTE,,America/New_York,Floridas Turnpike,North,091-129_9-SB-VDS,Unknown,FDOT,Radar,27.1035450,-80.2639460,,70,60,
4389,091-129-4NB-LNK,FTE,,America/New_York,Floridas Turnpike,North,091-129_4-SB-VDS,Unknown,FDOT,Radar,27.0981580,-80.2593110,,70,60,
4393,091-128-4NB-LNK,FTE,,America/New_York,Floridas Turnpike,North,091-128_4-SB-VDS,Unknown,FDOT,Radar,27.0844230,-80.2525090,,70,60,
4395,091-127-9NB-LNK,FTE,,America/New_York,Floridas Turnpike,North,091-127_9-SB-VDS,Unknown,FDOT,Radar,27.0779270,-80.2495900,,70,60,
4399,091-133-6NB-LNK,FTE,,America/New_York,Floridas Turnpike,North,091-133_6-SB-VDS,Unknown,FDOT,Radar,27.1491110,-80.2963470,,70,60,
4401,091-127-4NB-LNK,FTE,,America/New_York,Floridas Turnpike,North,091-127_4-SB-VDS,Unknown,FDOT,Radar,27.0709340,-80.2464580,,70,60,
4403,091-126-8NB-LNK,FTE,,America/New_York,Floridas Turnpike,North,091-126_8-SB-VDS,Unknown,FDOT,Radar,27.0633290,-80.2430240,,70,60,
4405,091-133-1NB-LNK,FTE,,America/New_York,Floridas Turnpike,North,091-133_1-NB-VDS,Unknown,FDOT,Radar,27.1431730,-80.2921410,,70,60,
4408,091-134-2NB-LNK,FTE,,America/New_York,Floridas Turnpike,North,091-134_2-SB-VDS,Unknown,FDOT,Radar,27.1567480,-80.3014750,,70,60,
4415,091-131-6NB-LNK,FTE,,America/New_York,Floridas Turnpike,North,091-131_6-SB-VDS,Unknown,FDOT,Radar,27.1245460,-80.2799530,,70,60,
4417,091-132-7NB-LNK,FTE,,America/New_York,Floridas Turnpike,North,091-132_7-SB-VDS,Unknown,FDOT,Radar,27.1378870,-80.2889930,,70,60,
5563,091-128-9NB-LNK,FTE,,America/New_York,Floridas Turnpike,North,091-128_9-SB-VDS,Unknown,FDOT,Radar,27.0916820,-80.2557700,,70,60,
5565,091-133-8NB-LNK,FTE,,America/New_York,Floridas Turnpike,North,091-133_8-SB-VDS,Unknown,FDOT,Radar,27.1512110,-80.2977410,,70,60,
5567,091-132-1NB-LNK,FTE,,America/New_York,Floridas Turnpike,North,091-132_1-SB-VDS,Unknown,FDOT,Radar,27.1303400,-80.2836010,,70,60,
5569,091-132-4NB-LNK,FTE,,America/New_York,Floridas Turnpike,North,091-132_4-SB-VDS,Unknown,FDOT,Radar,27.1342950,-80.2865300,,70,60,
5707,091-134-5NB-LNK,FTE,,America/New_York,Floridas Turnpike,North,091-134_5-SB-VDS,Unknown,FDOT,Radar,27.1604710,-80.3040500,,70,60,
5709,091-135-5NB-LNK,FTE,,America/New_York,Floridas Turnpike,North,091-135_5-SB-VDS,Unknown,FDOT,Radar,27.1730380,-80.3127240,,70,60,
5713,091-136-9NB-LNK,FTE,,America/New_York,Floridas Turnpike,North,091-136_9-SB-VDS,Unknown,FDOT,Radar,27.1903840,-80.3242850,,70,60,
5715,091-137-2NB-LNK,FTE,,America/New_York,Floridas Turnpike,North,091-137_2-SB-VDS,Unknown,FDOT,Radar,27.1935900,-80.3260440,,70,60,
5717,091-137-9NB-LNK,FTE,,America/New_York,Floridas Turnpike,North,091-137_9-SB-VDS,Unknown,FDOT,Radar,27.2033060,-80.3309120,,70,60,
5719,091-138-3NB-LNK,FTE,,America/New_York,Floridas Turnpike,North,091-138_3-SB-VDS,Unknown,FDOT,Radar,27.2098820,-80.3340770,,70,60,
5721,091-138-9NB-LNK,FTE,,America/New_York,Floridas Turnpike,North,091-138_9-SB-VDS,Unknown,FDOT,Radar,27.2163210,-80.3371900,,70,60,
5736,091-142-5NB-LNK,FTE,,America/New_York,Floridas Turnpike,North,091-142_5-SB-VDS,Unknown,FDOT,Radar,27.2669000,-80.3549460,,70,60,
5741,091-141-5NB-LNK,FTE,,America/New_York,Floridas Turnpike,North,091-141_5-SB-VDS,Unknown,FDOT,Radar,27.2531200,-80.3486920,,70,60,
5755,091-145-4NB-LNK,FTE,,America/New_York,Floridas Turnpike,North,091-145_4-NB-VDS,Unknown,FDOT,Radar,27.3044380,-80.3727580,,70,60,
5758,091-145-8NB-LNK,FTE,,America/New_York,Floridas Turnpike,North,091-145_8-SB-VDS,Unknown,FDOT,Radar,27.3115300,-80.3745670,,70,60,
5764,091-145-1NB-LNK,FTE,,America/New_York,Floridas Turnpike,North,091-145_1-NB-VDS,Unknown,FDOT,Radar,27.2993560,-80.3714730,,70,60,
12421,091-106-6NB-LNK,FTE,,America/New_York,Floridas Turnpike,North,091-106_6-SB-VDS,Unknown,FDOT,Radar,26.8022900,-80.1316000,,70,60,
12422,091-106-1NB-LNK,FTE,,America/New_York,Floridas Turnpike,North,091-106_1-SB-VDS,Unknown,FDOT,Radar,26.7948960,-80.1318830,,70,60,
12423,091-105-7NB-LNK,FTE,,America/New_York,Floridas Turnpike,North,091-105_7-SB-VDS,Unknown,FDOT,Radar,26.7900190,-80.1321740,,70,60,
12424,091-105-3NB-LNK,FTE,,America/New_York,Floridas Turnpike,North,091-105_3-SB-VDS,Unknown,FDOT,Radar,26.7840430,-80.1325180,,70,60,
12425,091-104-9NB-LNK,FTE,,America/New_York,Floridas Turnpike,North,091-104_9-SB-VDS,Unknown,FDOT,Radar,26.7781200,-80.1329200,,70,60,
12426,091-104-1NB-LNK,FTE,,America/New_York,Floridas Turnpike,North,091-104_1-SB-VDS,Unknown,FDOT,Radar,26.7666300,-80.1337100,,70,60,
12427,091-103-7NB-LNK,FTE,,America/New_York,Floridas Turnpike,North,091-103_7-SB-VDS,Unknown,FDOT,Radar,26.7610830,-80.1341500,,70,60,
12428,091-102-9NB-LNK,FTE,,America/New_York,Floridas Turnpike,North,091-102_9-SB-VDS,Unknown,FDOT,Radar,26.7490970,-80.1347060,,70,60,
12429,091-111-6NB-LNK,FTE,,America/New_York,Floridas Turnpike,North,091-111_6-SB-VDS,Unknown,FDOT,Radar,26.8759900,-80.1293200,,70,60,
12430,091-107-1NB-LNK,FTE,,America/New_York,Floridas Turnpike,North,091-107_1-SB-VDS,Unknown,FDOT,Radar,26.8102210,-80.1313880,,70,60,
12431,091-111-1NB-LNK,FTE,,America/New_York,Floridas Turnpike,North,091-111_1-SB-VDS,Unknown,FDOT,Radar,26.8684410,-80.1291480,,70,60,
12432,091-110-6NB-LNK,FTE,,America/New_York,Floridas Turnpike,North,091-110_6-SB-VDS,Unknown,FDOT,Radar,26.8606580,-80.1294490,,70,60,
12433,091-110-1NB-LNK,FTE,,America/New_York,Floridas Turnpike,North,091-110_1-SB-VDS,Unknown,FDOT,Radar,26.8539910,-80.1296970,,70,60,
12434,091-109-6NB-LNK,FTE,,America/New_York,Floridas Turnpike,North,091-109_6-SB-VDS,Unknown,FDOT,Radar,26.8459300,-80.1300000,,70,60,
12435,091-109-1NB-LNK,FTE,,America/New_York,Floridas Turnpike,North,091-109_1-SB-VDS,Unknown,FDOT,Radar,26.8387760,-80.1303070,,70,60,
12436,091-108-6NB-LNK,FTE,,America/New_York,Floridas Turnpike,North,091-108_6-SB-VDS,Unknown,FDOT,Radar,26.8320000,-80.1304500,,70,60,
12437,091-108-0NB-LNK,FTE,,America/New_York,Floridas Turnpike,North,091-108_0-SB-VDS,Unknown,FDOT,Radar,26.8229980,-80.1308870,,70,60,
12438,091-107-6NB-LNK,FTE,,America/New_York,Floridas Turnpike,North,091-107_6-SB-VDS,Unknown,FDOT,Radar,26.8170200,-80.1310300,,70,60,
12439,091-112-7NB-LNK,FTE,,America/New_York,Floridas Turnpike,North,091-112_7-SB-VDS,Unknown,FDOT,Radar,26.8906800,-80.1346800,,70,60,
12440,091-112-2NB-LNK,FTE,,America/New_York,Floridas Turnpike,North,091-112_2-SB-VDS,Unknown,FDOT,Radar,26.8833620,-80.1315210,,70,60,
12441,091-116-0NB-LNK,FTE,,America/New_York,Floridas Turnpike,North,091-116_0-SB-VDS,Unknown,FDOT,Radar,26.9353290,-80.1543350,,70,60,
12442,091-115-6NB-LNK,FTE,,America/New_York,Floridas Turnpike,North,091-115_6-SB-VDS,Unknown,FDOT,Radar,26.9298300,-80.1518400,,70,60,
12444,091-114-8NB-LNK,FTE,,America/New_York,Floridas Turnpike,North,091-114_8-SB-VDS,Unknown,FDOT,Radar,26.9187210,-80.1470010,,70,60,
12445,091-114-5NB-LNK,FTE,,America/New_York,Floridas Turnpike,North,091-114_5-NB-VDS,Unknown,FDOT,Radar,26.9150280,-80.1448540,,70,60,
12446,091-114-1NB-LNK,FTE,,America/New_York,Floridas Turnpike,North,091-114_1-SB-VDS,Unknown,FDOT,Radar,26.9090300,-80.1427500,,70,60,
12447,091-113-6NB-LNK,FTE,,America/New_York,Floridas Turnpike,North,091-113_6-SB-VDS,Unknown,FDOT,Radar,26.9034500,-80.1403000,,70,60,
12448,091-113-3NB-LNK,FTE,,America/New_York,Floridas Turnpike,North,091-113_3-SB-VDS,Unknown,FDOT,Radar,26.8982350,-80.1380860,,70,60,
12449,091-117-1NB-LNK,FTE,,America/New_York,Floridas Turnpike,North,091-117_1-SB-VDS,Unknown,FDOT,Radar,26.9490040,-80.1619610,,70,60,
12450,091-116-5NB-LNK,FTE,,America/New_York,Floridas Turnpike,North,091-116_5-SB-VDS,Unknown,FDOT,Radar,26.9424190,-80.1575220,,70,60,
12452,091-101-9NB-LNK,FTE,,America/New_York,Floridas Turnpike,North,091-101_9-SB-VDS,Unknown,FDOT,Radar,26.7359600,-80.1352800,,70,60,
12453,091-101-5NB-LNK,FTE,,America/New_York,Floridas Turnpike,North,091-101_5-SB-VDS,Unknown,FDOT,Radar,26.7288590,-80.1356440,,70,60,
12454,091-100-1NB-LNK,FTE,,America/New_York,Floridas Turnpike,North,091-101_1-SB-VDS,Unknown,FDOT,Radar,26.7229600,-80.1358700,,70,60,
12455,091-101-1NB-LNK,FTE,,America/New_York,Floridas Turnpike,North,091-101_1-SB-VDS,Unknown,FDOT,Radar,26.7229600,-80.1358700,,70,60,
12456,091-100-5NB-LNK,FTE,,America/New_York,Floridas Turnpike,North,091-100_5-NB-VDS,Unknown,FDOT,Radar,26.7159620,-80.1368090,,70,60,
12564,091-131-3NB-LNK,FTE,,America/New_York,Floridas Turnpike,North,091-131_3-SB-VDS,Unknown,FDOT,Radar,27.1208670,-80.2772900,,70,60,
12565,091-143-1NB-LNK,FTE,,America/New_York,Floridas Turnpike,North,091-143_1-SB-VDS,Unknown,FDOT,Radar,27.2735000,-80.3586520,,70,60,
16451,091-102-5NB-LNK,FTE,,America/New_York,Floridas Turnpike,North,091-102_5-SB-VDS,Unknown,FDOT,Radar,26.7440430,-80.1349530,,70,30,
16453,091-115-2NB-LNK,FTE,,America/New_York,Floridas Turnpike,North,091-115_2-SB-VDS,Unknown,FDOT,Radar,26.9246250,-80.1496440,,70,60,
